ID,NOME
1,Guilherme
2,Emanuelle
3,Sabrina
4,Christoforo Braitling
5,Pablo Durno
6,Nadeen Chaloner
7,Halsey Mutlow
8,Lanita Ellick
9,Alley Gorelli
10,Ursa Tinsley
11,Zacharias Gillbanks
12,Darin Loweth
13,Ardella Byk
14,Angil Spraberry
15,Eadie Applegarth
16,Chelsea Lanmeid
17,Darla Stebbings
18,Anatole Toller
19,Edvard Bottrill
20,Kessiah Rookwell
21,Lezlie De L'Isle
22,Sheilakathryn Gamwell
23,Etta Conechie
24,Mona Baudon
25,Valentin Marchbank
26,Charline Stoppard
27,Alisun Simo
28,Selina Vine
29,Beulah Loncaster
30,Mariann Yeell
31,Meara Shurrock
32,Jimmy Kienl
33,Carolus Hazeltine
34,Lezlie Van Weedenburg
35,Adrianne Tumulty
36,Randie Firth
37,Dennis Davidescu
38,Engracia Fillis
39,Andie Kemster
40,Vivian Whittington
41,Jim Denson
42,Sonni Swetman
43,Keeley Wotton
44,Perkin Easeman
45,Welbie Geeritz
46,Elspeth Breitler
47,Dyna Hatley
48,Jacinthe Pluck
49,Debora Ghelarducci
50,Yance Howsan
51,Philis Beernt
52,Aline Habbershon
53,Kev Gier
54,Caril Braun
55,Wilbert Peter
56,Geri Bode
57,Nancie Keelinge
58,Krystal Hammel
59,Angelo Inder
60,Elise Karadzas
61,Birk Bizley
62,Zsazsa Burchmore
63,Murvyn Maffione
64,Florina Cockran
65,Huey Klisch
66,Dorie Joules
67,Halette Laming
68,Pearl Husbands
69,Thomas Clist
70,Mariska Camell
71,Melisande Lemmen
72,Adina Branson
73,Raina Lode
74,Donnie Boustead
75,Kate Pashba
76,Michael Dibb
77,Emalee Santori
78,Erna Eliot
79,Xylia Wenban
80,Sinclare Collard
81,Cass Reddington
82,Hubert Danielli
83,Della Shadbolt
84,Ferdinanda Elis
85,Allin Danigel
86,Maegan Keetley
87,Hillier Brickwood
88,Ernestus Robeiro
89,El Marrow
90,Chalmers Brittian
91,Merola Hendin
92,Burlie Starkey
93,Andy Fibbens
94,Evangeline Beardsdale
95,Carmella McEvoy
96,Amberly Hindge
97,Martin Placstone
98,Dalila Perotti
99,Uriel Boulde
100,Lilah Parmby
101,Laurie Booler
102,Jason Shelliday
103,Andria Matley
104,Levon Powton
105,Kizzie Triswell
106,Halsey Pinnijar
107,Adolph Jakeman
108,Ardys Deacon
109,Nananne Dwerryhouse
110,Melony Silwood
111,Sherman Edelman
112,Bastien Skillman
113,Laurene Camilleri
114,Chlo Dymott
115,Allister Fishbourne
116,Candi Holywell
117,Teodora Kenson
118,Ealasaid Glidder
119,Earlie Pate
120,Bertine Shackleton
121,Julie Dorking
122,Jacynth Askwith
123,Dan Langran
124,Starr Seccombe
125,Roscoe Purse
126,Christabella Bessent
127,Joan Summerhayes
128,Risa Graysmark
129,Sauncho Stooke
130,Linn Skellern
131,Town Macallam
132,Zonnya Fenelow
133,Legra Dupre
134,Cully Drysdall
135,Donny Thome
136,Pauly Brognot
137,Kelsey Bygate
138,Griselda Karlsen
139,Aileen Stonhewer
140,Dulcia Bohea
141,Tad Breming
142,Sky Ruddell
143,Lenore Bierman
144,Kat Broadstock
145,Dolores Stening
146,Daryle Lurriman
147,Arron Jurgensen
148,Cleopatra Seiter
149,Caritta Tring
150,Phaedra Leal
151,Olimpia Deal
152,Tanitansy Lewer
153,Kellia Woollends
154,Molly Buckney
155,Taddeo Snipe
156,Delmore Pawlett
157,Ingeborg Cranmer
158,Alysa Easeman
159,Darlleen Kilshall
160,Stacey Alejandro
161,Auguste Northall
162,Alfy Lightbourn
163,Hermann Eyre
164,Ange Davydoch
165,Clo Fuidge
166,Bride MacKintosh
167,Clary Bridden
168,Wren Leach
169,Berny Chaundy
170,Stanly Sandall
171,Monica Janauschek
172,Corrine Chasen
173,Sid Pearde
174,Sebastian Liven
175,Aurie Dunsire
176,Jsandye Iggalden
177,Jackquelin Okker
178,Alanna Grimmert
179,Parsifal Gery
180,Tybi Camsey
181,Dieter Fahey
182,Estrella Burstow
183,Brear Ferrandez
184,Gretna Ewles
185,Nanette Kissell
186,Shell Fahrenbach
187,Koenraad Sergent
188,Reena Feldberger
189,Sterne Cauldfield
190,Zacherie Cogdon
191,Orville Nichols
192,Jillayne Botterell
193,Jeanette Alasdair
194,Carilyn Brandone
195,Suzette Zimek
196,Babbie McCurtain
197,Isak McConway
198,Gale Shearston
199,Fairfax Wisdish
200,Camella Scales
201,Felecia Grayling
202,Abby O'Farrell
203,Margarethe Rowlings
204,Eugenius Mattersley
205,Rudolf Martinon
206,Gayel Eagger
207,Dallon Melluish
208,Tisha Kinzel
209,Shea Isabell
210,Lexie Penberthy
211,Base Causon
212,Shelli Prangley
213,Meyer Mattek
214,Clywd Roskelley
215,Lew Threlkeld
216,Hew Sulter
217,Winslow Dever
218,Silva Scoles
219,Korella Stenhouse
220,Granville Reaveley
221,Ezra Strickler
222,Jaymie Chadderton
223,Vivian Schutte
224,Rance Coch
225,Bili Chittim
226,Pam Belk
227,Rodger Aspall
228,Casandra Lockton
229,Bartholomeo Freiberg
230,Karie Hannon
231,Cammie Batrop
232,Raphaela Maryet
233,Consolata Darco
234,Viviene Lympany
235,Melony Dewerson
236,Christian Hanratty
237,Sayers Iacovaccio
238,Domenic Norcutt
239,Antonina Giacobbo
240,Errick More
241,Nananne Wilkin
242,Abbie Spurritt
243,Ramona Brownill
244,Thomas Longson
245,Worthy Bletso
246,Floria Shelmerdine
247,Lurleen Antonellini
248,Carol Gladtbach
249,Kyrstin Yakovich
250,Gertrudis Levy
251,Shurlock Arondel
252,Justin Elven
253,Lenette Whellans
254,Auria Parades
255,Salaidh Frenzl
256,Elspeth Waistell
257,Hesther Liddicoat
258,Hana Beldum
259,Carmela Treadgold
260,Michele Sealove
261,Coraline Haygreen
262,Amalita Ratcliff
263,Sigismundo O'Mullally
264,Carmine Penddreth
265,Essy Romke
266,Yanaton Joanaud
267,Abelard Hellens
268,Rosalynd Dearell
269,Merv Metzing
270,Vida Pidduck
271,Horst Habershon
272,Kele Maitland
273,Raff Godding
274,Edgar Ringer
275,Ernesto McBride
276,Babita Prozillo
277,Vin Strick
278,Shannen Deguara
279,Darci Coen
280,Rosetta Blyde
281,Emelina Rodson
282,Gradey Hartopp
283,Mauricio Brevitt
284,Ravid Jouhan
285,Heather Puckinghorne
286,Jozef But
287,Georgianna Donn
288,Renato Brosius
289,Heddi Innman
290,Janice McCrostie
291,Kirstin Hurkett
292,Terrye Corbin
293,Currie Burberry
294,Lucia Etienne
295,Alleyn Cordeau]
296,Katharina Withull
297,Arny Matejic
298,Davidde MacLennan
299,Ros Birdall
300,Jedidiah Rolingson
301,Madeleine Skirving
302,Ervin Behnke
303,Saw Gianasi
304,Ceil Jorat
305,Calvin Wheble
306,Jarrett Calvard
307,Noami Gyde
308,Maggy Dobson
309,Ulric Caillou
310,Florette Diboll
311,Dulciana Warcup
312,Lincoln Sorbey
313,Rici Dever
314,Bertram Robbel
315,Etty Redd
316,Phaidra Bernat
317,Dun Jannequin
318,Kennith Drees
319,Tove Lamont
320,Jenilee O'Bradden
321,Stephannie Robichon
322,Humfried Martelet
323,Ellswerth Luebbert
324,Dora Durnin
325,Elihu Millis
326,Kevin Crosher
327,Wandis Poyser
328,Laryssa Kirsche
329,Brendis Blesing
330,Packston Older
331,Tome Gyrgorcewicx
332,Kimmie Bellworthy
333,Aggy Abadam
334,Stanislaus Rothery
335,Maxim D'Aguanno
336,Delcine Suffield
337,Aylmer Schaumaker
338,Almeda Safe
339,Ileane Cristoferi
340,Jeniffer Juster
341,Hyacintha O'Loughnan
342,Allix Topaz
343,Gene Primrose
344,Carrol Bankhurst
345,Bartholomeus Cossem
346,Gerick Vasyanin
347,Naoma Stockall
348,Jen Grandin
349,Hodge Haking
350,Prent Nicholls
351,Beauregard Leaman
352,Gianni Bernade
353,Buck Cobbin
354,Micki Pullin
355,Anni Hitscher
356,Curtis Layman
357,Shelly Chirm
358,Saul Hamnet
359,Gordan Goodison
360,Farah Pettiford
361,Gui Leathers
362,Ann-marie Wailes
363,Alexa Spong
364,Kalindi Dovydenas
365,Ailey Ost
366,Alexandro McReath
367,Dani Shand
368,Ophelia Gorgler
369,Lucretia McKennan
370,Babita Ropert
371,Ursola Flaverty
372,Sumner Advani
373,Omar Debrick
374,Kile Franceschelli
375,Ardisj Wallington
376,Kippie Zecchini
377,Clemens Morena
378,Eliza Toke
379,Viv Ramsier
380,Melisande Palmby
381,Delainey Roxburch
382,Hans Perigoe
383,Rozanne Duerden
384,Luella Krochmann
385,Pavla Carine
386,Oona Rookeby
387,Prent Buckeridge
388,Livy McGuinness
389,Roth Presidey
390,Oates Camblin
391,Amii Burner
392,Kaila Ragg
393,Bettye Beszant
394,Adelind Gallamore
395,Deane Di Maria
396,Ariana Jannings
397,Doll Pietersma
398,Henry Dangerfield
399,Mady Batho
400,Lauraine Po
401,Burty Jimmes
402,Lesya Peltzer
403,Zora Standbrook
404,Kennett Karlmann
405,Aggi Coop
406,Cynthia Maryin
407,Adrienne Tarpey
408,Bentley Tiley
409,Eveleen Tapner
410,Stevy Dabinett
411,Blair Carvil
412,Marys Binton
413,Johan Skidmore
414,Broddie Kingham
415,Tedd Doctor
416,Dniren Bwye
417,Max Matheson
418,Ab Dimic
419,Margarete Hardaker
420,Kata Borland
421,Rocky Kobpa
422,Evin Tinwell
423,Cecelia Bukac
424,Avrit Furneaux
425,Buddie Rogge
426,Theodora Youdell
427,Lana Argile
428,Haydon Bitterton
429,Waneta Chatel
430,Sophie Goghin
431,Eleen Gayler
432,Cirillo Grinsdale
433,Bent Ensley
434,Enrika Overthrow
435,Alec Swiggs
436,Drusy Merrison
437,Robinia Ramsbottom
438,Frederic Ferne
439,Prudy Duell
440,Inness Cator
441,Ramon Stickel
442,Margery Lepper
443,Wilburt Alban
444,Hurleigh Garnam
445,Edwin Gore
446,Lek Way
447,Woody Donnelly
448,Leisha Akitt
449,Ruthe Janman
450,Ivonne Dowsing
451,Frederico Gaber
452,Agnese Beardwood
453,Pepe Madison
454,Cassi Main
455,Leonard Mongin
456,Deeyn Druett
457,Sherye Baglow
458,Windy Rogeron
459,Dietrich Jarlmann
460,Harold Zanolli
461,Daniel Whimpenny
462,Tedda Lackmann
463,Queenie Stych
464,Heather Seiffert
465,Phil Brideaux
466,Klara Ellaman
467,Gideon Broggini
468,Peg Scranny
469,Cyndy Brave
470,Galina McGowran
471,Herrick Reicharz
472,Mildred Nolot
473,Alis Kleinert
474,Ana Folland
475,Konrad Kinkaid
476,Lincoln Evert
477,Diane-marie Ewell
478,Berti Attfield
479,Corrie Uebel
480,Gui Kubis
481,Merissa Grist
482,Evita Bruhn
483,Travus Flew
484,Lurette Sendley
485,Storm McIntee
486,Leanora Larraway
487,Hedwig Jacobssen
488,Dreddy Duckham
489,Talbert Skerme
490,Patrizius Krauss
491,Gabriele Bodocs
492,Ferguson Cothey
493,Suzanne Ferrieres
494,Bride Treadway
495,Chariot Langlais
496,Marketa Lonsdale
497,Ashlan Billett
498,Beale Ventom
499,Devina Guiduzzi
500,Jarrod Finnie
501,Ricky Flaws
502,Fernande Stranaghan
503,Yancy Muzzini
504,Aida Barck
505,Chrotoem Walthall
506,Beth Kildea
507,Florida Tremoille
508,Odie Blackston
509,Hobie Elener
510,Corey Catterill
511,Tate Ferruzzi
512,Emelita Middlemist
513,Abra MacLise
514,Gene Poundsford
515,Brandyn Dizlie
516,Ruy Duggen
517,Rosy Pleasance
518,Otho MacGaughie
519,Arnie Backson
520,Ellene Minister
521,Heida Locard
522,Ravid Eykel
523,Alasteir Coughtrey
524,Simeon Gonoude
525,Rowney Uebel
526,Gill Peacham
527,Tully Mewett
528,Jenn Ogley
529,Keane Gregolin
530,Bird Danihel
531,Eldridge Mantz
532,Sayre Rollo
533,Roxanne Brandacci
534,Weber Maypowder
535,Quintus Dionisio
536,Wake Duke
537,Melesa O'Brallaghan
538,Henriette Tredget
539,Virgilio Maun
540,Hansiain Barritt
541,Frederik Berick
542,Vincenty Briggs
543,Dianemarie Rooney
544,Jerry Dusting
545,Cam Ridulfo
546,Anna Brou
547,Claiborn Mallall
548,Cati Chance
549,Carilyn Liveing
550,Kamilah Curnucke
551,Dwight Kapelhof
552,Calhoun McJury
553,Loren Pennick
554,Brynna Rydeard
555,Salem Blackborn
556,Enrichetta Czajkowska
557,Irwin Gandy
558,Any Tixier
559,Rolland Dummer
560,Genevieve Jadczak
561,Rosalinde Beevor
562,Karalee Ivanyutin
563,Bert Cornels
564,Donica O'Calleran
565,Jessie Gimblet
566,Alla Clipston
567,Hynda Milillo
568,Gerrard Cosens
569,Kile Dalgarno
570,Wildon Birchner
571,Hortensia Kearford
572,Laurence Claybourne
573,Bonita Cordova
574,Daren Hullbrook
575,Nonah Rosser
576,Hadley Baal
577,Andrea Slegg
578,Estell D'Oyly
579,Fabe MacGuffie
580,Bernard Lottrington
581,Dorrie Kirkhouse
582,Ilene Webb-Bowen
583,Morgana Yates
584,Adele Dunstall
585,Cosetta Dullingham
586,Dorene Idell
587,Maximilien Salaman
588,Nita Leverson
589,Adrianne Quigley
590,Brent McGilroy
591,Lyssa Rosenau
592,Jolynn Sainer
593,Melissa Bodiam
594,Julie Amey
595,Sonja MacAloren
596,Carleen Liveing
597,Saidee Robben
598,Trefor Flagg
599,Nelly Turfrey
600,Sandor Guerri
601,Giffie Ausiello
602,Irma Jeans
603,Ekaterina Cholerton
604,Nickola Watting
605,Hal Rickeard
606,Wilone Wraggs
607,Henriette Lintin
608,Magda Shirrell
609,Elvyn Aicken
610,Ranee Coots
611,Elmore Geertsen
612,Emile Yetton
613,Abeu Helgass
614,Mandie Brittain
615,Peg Ismay
616,Phylys Davoren
617,Selie Yitzowitz
618,Louisa Woolf
619,Allene Cottingham
620,Juanita Teare
621,Ronnie Dioniso
622,Melva Godfrey
623,Starlin Andreassen
624,Joly Derrington
625,Elenore McCarter
626,Peyter Cruttenden
627,Inigo Moxson
628,Wandie Bineham
629,Faina Bamlet
630,Alyson Elmore
631,Wandie Moorman
632,Bambi Akhurst
633,Devonne Fancutt
634,Stearne Oak
635,Raynard Wilshire
636,Gayleen Perrott
637,Jobi Hariot
638,Gabriello Barneville
639,Robbie Mowat
640,Devonna Gherardelli
641,Mela Grayling
642,Laurianne Awdry
643,Kilian Donet
644,Heidie Errigo
645,Nealon Dyzart
646,Therese Boulding
647,Kimble Gather
648,Fransisco Kobsch
649,Ogdan Devereu
650,Rourke Muddle
651,Rhianna Jirzik
652,Michele Guttridge
653,Kevon Hauxley
654,Herta Halfhide
655,Dode Archell
656,Nertie Eaden
657,Karylin Filippello
658,Emalia Stovine
659,Ade Firbank
660,Klaus Saphin
661,Olivier Moth
662,James Toffolo
663,Parker Popov
664,Aloise Lightollers
665,Angele Janko
666,Rafaelia Lambertini
667,Lyn Jinda
668,Dalton Cargenven
669,Violette Feirn
670,Jud Skipperbottom
671,North Sauter
672,Hans Garmon
673,Melodee McConway
674,Kaiser Stucke
675,Kirby Pollack
676,Darlene Rodliff
677,Dian Tilne
678,Elsworth Loughton
679,Terrel Halvorsen
680,Shana Clemont
681,Konstantin Raleston
682,Seth McGuire
683,Tedda Sparke
684,Zulema Neubigging
685,Isiahi Fautly
686,Jule Roubottom
687,Emery Pales
688,Melina Trenfield
689,Biddy Duffree
690,Darice Lidster
691,Camellia Suston
692,Zaria Bahike
693,Hubert Blencowe
694,Sonya MacHostie
695,Tracy Stefanovic
696,Marylou Feldfisher
697,Marla Liebmann
698,Mellisent Murtimer
699,Gayleen Eacott
700,Carey Cargon
701,Abbi Alexsandrev
702,Stella Mewitt
703,Luke Hocking
704,Linn Orsman
705,Juliana Oakenfull
706,Nicolea Janowicz
707,Caesar Habercham
708,Hatti Wittering
709,Cassandre Clynmans
710,Jo-ann Gniewosz
711,Erhart Bruhke
712,Otes Brahms
713,Paco Hulcoop
714,Tabb Basili
715,Blair Pancost
716,Gusella Orrocks
717,Tammie Ollin
718,Tailor Vellender
719,Ileane Fosher
720,Farrell Poynor
721,Ellis Slessor
722,Nadine Alban
723,Nicky Karpf
724,Geraldine Daniell
725,Helene Brangan
726,Herve Halleybone
727,Betteanne Burdoun
728,Johnnie Manolov
729,Octavia Manicom
730,Peri Dowrey
731,Carolyn Ossulton
732,Madalena Ribchester
733,Perice Battrum
734,Olympia Anstice
735,Kennith Stare
736,Neila Swateridge
737,Lorinda Ferreri
738,Beatrice Hoggan
739,Hillery D'Agostini
740,Loretta Luton
741,Ebony Newe
742,Moria Vuitton
743,Alvira Summersett
744,Barbabra Foulis
745,Dillie Bleazard
746,Tommy Rolse
747,Phyllys Winterborne
748,Cathrine Jakov
749,Annabela Antuoni
750,Jessa Cotta
751,Vivia Genery
752,Mead Dunton
753,Carmita Guillot
754,Mel Fellgatt
755,Randy Bockler
756,Hannie Harborow
757,Neil Hallawell
758,Jenilee Wevell
759,Shurlock Oldale
760,Adora Messiter
761,Lindsay Aron
762,Georgiana Waylen
763,Marie Sleep
764,Othello Banthorpe
765,Amie Castiello
766,Fabiano Swinden
767,Shoshanna Hinstridge
768,Goddart Sowray
769,Theo Wager
770,Torrey Cain
771,Andy Szanto
772,Munroe Stanman
773,Jeramey Lefeaver
774,Berny Holby
775,Clyde Skeath
776,Tyne Muncaster
777,Deidre Eddow
778,Hillery Hedylstone
779,Ulrike Mouncher
780,Kassie de Clercq
781,Marchelle Fearnill
782,Corry Ruprecht
783,Carley Kermannes
784,Elvina Khristoforov
785,Sunny Tackley
786,Kizzie Paybody
787,Blancha Heddan
788,Sim Jiles
789,Karel Campion
790,Wileen Heading
791,Kirsten Rope
792,Sauncho Perry
793,Ynes Maddrell
794,Sharai Merit
795,Sherill Clementel
796,Holden Cartmail
797,Fabian Bairnsfather
798,Lia Andrejevic
799,Pammy Lupson
800,Hanson Smout
801,Bernhard Easson
802,Catarina Twitty
803,Chrysa Dawes
804,Marj Lowten
805,Friedrick Scowen
806,Tania Kytley
807,Svend Yvens
808,Zaneta Treeby
809,Beniamino Jurick
810,Star Vann
811,Issiah Kneebone
812,Grata Pimlett
813,Helge Audrey
814,Christal Aldcorne
815,Shayne Keyme
816,Maryl Sliney
817,Merissa Heffron
818,Connor Hundall
819,Danya Montford
820,Nathanil Piechnik
821,Melisse Bickell
822,Craggy Bolger
823,Charlena Oxburgh
824,Toddy Kurten
825,Alejandra Waddams
826,Kipper Worge
827,Elora Heliot
828,Gilly Gosselin
829,Fina Meuse
830,Babs Renvoys
831,Cosette Champ
832,Jana Danielou
833,Nichole Laba
834,Debera Spelling
835,Ronna Brinson
836,Archambault Baytrop
837,Flossie Cockrell
838,Butch Abrami
839,Karl Muxworthy
840,Wren Meatyard
841,Robyn Murrhardt
842,Celene Dowzell
843,Francisco Longo
844,Rod McMinn
845,Kizzee Belchamp
846,Syd Godard
847,Lazaro Driussi
848,Bobine Yarranton
849,Deane Skipton
850,Brooks Klemmt
851,Bevin Thoumas
852,Alexine Hackly
853,Rodolphe Barenski
854,Alex Bech
855,Jud Claypole
856,Johnette Headingham
857,Mercy Denney
858,Vanna Eliez
859,Idaline Lergan
860,Brook Fenkel
861,Francine Rake
862,Demetria Jarrell
863,Gamaliel Croney
864,Ginger Omand
865,Chrystal Smart
866,Dahlia Schonfelder
867,Randy Rheam
868,Kimberlee Mattinson
869,Isaak Pease
870,Levin Prendeville
871,Pattin Elgee
872,Dianne Condliffe
873,Ransom O'Shea
874,Juditha Ruberry
875,Burton Jirzik
876,Oswald Greiser
877,Miof mela Sipson
878,Karissa Vakhonin
879,Van Sutor
880,Maryjo Swansbury
881,Eleanor Yitshak
882,Piggy McGiff
883,Leopold Drysdall
884,Charlton Camerana
885,Malachi Reynoollds
886,Wyatan Tovey
887,Alejandrina Nuzzetti
888,Cinderella Jacobbe
889,Missy Astle
890,Erastus MacNamara
891,Calida Nend
892,Rory Yerborn
893,Dalston Boal
894,Sher Nutbeam
895,Jae Seyfart
896,Elvis Likely
897,Carmine Bramont
898,Arluene Matveyev
899,Kelsy Wearing
900,Keeley Van Saltsberg
901,Modestia Attenborough
902,Marji Coskerry
903,Marquita Tranfield
904,Lonni Draye
905,Merle Santi
906,Quintus Von Der Empten
907,Audie Mussett
908,Mathew Sachno
909,Keefe McGiven
910,Mohandis Sharville
911,Samuele Quaif
912,Lonni Bangham
913,Chrystal Gebb
914,Kingsley Leggan
915,Steven Ackenson
916,Fritz Simnor
917,Jojo Dulen
918,Else Impett
919,Preston Paula
920,Lanny Treversh
921,Seumas Ivashov
922,Nelly Vose
923,Rooney Challener
924,Prentiss Lansdown
925,Rollo Torricella
926,Elisha Foad
927,Wheeler Sebastian
928,Beth Thunnerclef
929,Papagena Denver
930,Dennie Yearne
931,Baird Goreway
932,Emilio Gall
933,Benetta O' Loughran
934,Merrili Syred
935,Conni Cabedo
936,Midge Trighton
937,Susy Puddefoot
938,Holly-anne Sibylla
939,Kynthia Folli
940,Dwayne Berthel
941,Deva Trundle
942,Gertrud Duggary
943,Pippy Magnar
944,Bunnie Crosoer
945,Lamont Assel
946,Karola Sposito
947,Cristal Sandilands
948,Lazare Dyott
949,Wat Sharkey
950,Phyllis Wellman
951,Willie Philliphs
952,Katheryn Phipard-Shears
953,Marven Edworthye
954,Loy Ebbers
955,Adrian Truluck
956,Ivar Shelsher
957,Isis Elby
958,Christoper Kyttor
959,Egbert Cokayne
960,Tammy de Lloyd
961,Elena Hanscomb
962,Gerianne Sicha
963,Rubie Corington
964,Stephannie Kenealy
965,Merrily Jiggen
966,Antons Rogger
967,Marina Easman
968,Lauri Messenbird
969,Marin Louche
970,Melisent Artharg
971,Kienan Newlan
972,Willey Collis
973,Maximo Ailsbury
974,Kalil Barkley
975,Dasya Bramelt
976,Carr Fleming
977,Claudetta Annice
978,Silvanus Andrusyak
979,Hildegarde Figge
980,Roger Gruszczak
981,Jessamyn Connue
982,Jenica Vallance
983,Lemmie Downham
984,Henderson Calverley
985,Ibrahim Cartin
986,Roi Templeton
987,Obediah Fyfield
988,Ewell Bulleyn
989,Katya Hanscomb
990,Chelsea Spavins
991,Sunny Purvey
